entity,metric,value,period,source,confidence
ANZ,Profit per Employee,236818.18,2018-Q3,productivity,triangulated
ANZ,Gross Income per Employee,499090.91,2018-Q3,productivity,triangulated
ANZ,Expenses per Employee,180000.0,2018-Q3,productivity,triangulated
ANZ,Profit per Customer,801.54,2018-Q3,productivity,estimated
ANZ,Gross Income per Customer,1689.23,2018-Q3,productivity,estimated
ANZ,Expenses per Customer,609.23,2018-Q3,productivity,estimated
ANZ,Profit per Employee,212090.91,2018-Q4,productivity,triangulated
ANZ,Gross Income per Employee,466090.91,2018-Q4,productivity,triangulated
ANZ,Expenses per Employee,175045.45,2018-Q4,productivity,triangulated
ANZ,Profit per Customer,717.85,2018-Q4,productivity,estimated
ANZ,Gross Income per Customer,1577.54,2018-Q4,productivity,estimated
ANZ,Expenses per Customer,592.46,2018-Q4,productivity,estimated
ANZ,Profit per Employee,219090.91,2019-Q1,productivity,triangulated
ANZ,Gross Income per Employee,469409.09,2019-Q1,productivity,triangulated
ANZ,Expenses per Employee,163318.18,2019-Q1,productivity,triangulated
ANZ,Profit per Customer,741.54,2019-Q1,productivity,estimated
ANZ,Gross Income per Customer,1588.77,2019-Q1,productivity,estimated
ANZ,Expenses per Customer,552.77,2019-Q1,productivity,estimated
ANZ,Profit per Employee,225863.64,2019-Q2,productivity,triangulated
ANZ,Gross Income per Employee,495227.27,2019-Q2,productivity,triangulated
ANZ,Expenses per Employee,171272.73,2019-Q2,productivity,triangulated
ANZ,Profit per Customer,764.46,2019-Q2,productivity,estimated
ANZ,Gross Income per Customer,1676.15,2019-Q2,productivity,estimated
ANZ,Expenses per Customer,579.69,2019-Q2,productivity,estimated
ANZ,Profit per Employee,173720.93,2019-Q3,productivity,triangulated
ANZ,Gross Income per Employee,484930.23,2019-Q3,productivity,triangulated
ANZ,Expenses per Employee,226558.14,2019-Q3,productivity,triangulated
ANZ,Profit per Customer,563.77,2019-Q3,productivity,estimated
ANZ,Gross Income per Customer,1573.74,2019-Q3,productivity,estimated
ANZ,Expenses per Customer,735.25,2019-Q3,productivity,estimated
ANZ,Profit per Employee,182558.14,2019-Q4,productivity,triangulated
ANZ,Gross Income per Employee,460511.63,2019-Q4,productivity,triangulated
ANZ,Expenses per Employee,199162.79,2019-Q4,productivity,triangulated
ANZ,Profit per Customer,592.45,2019-Q4,productivity,estimated
ANZ,Gross Income per Customer,1494.49,2019-Q4,productivity,estimated
ANZ,Expenses per Customer,646.34,2019-Q4,productivity,estimated
ANZ,Profit per Employee,181906.98,2020-Q1,productivity,triangulated
ANZ,Gross Income per Employee,538883.72,2020-Q1,productivity,triangulated
ANZ,Expenses per Employee,189441.86,2020-Q1,productivity,triangulated
ANZ,Profit per Customer,590.34,2020-Q1,productivity,estimated
ANZ,Gross Income per Customer,1748.83,2020-Q1,productivity,estimated
ANZ,Expenses per Customer,614.79,2020-Q1,productivity,estimated
ANZ,Profit per Employee,163674.42,2020-Q2,productivity,triangulated
ANZ,Gross Income per Employee,455534.88,2020-Q2,productivity,triangulated
ANZ,Expenses per Employee,193348.84,2020-Q2,productivity,triangulated
ANZ,Profit per Customer,531.17,2020-Q2,productivity,estimated
ANZ,Gross Income per Customer,1478.34,2020-Q2,productivity,estimated
ANZ,Expenses per Customer,627.47,2020-Q2,productivity,estimated
ANZ,Profit per Employee,115658.54,2020-Q3,productivity,triangulated
ANZ,Gross Income per Employee,459268.29,2020-Q3,productivity,triangulated
ANZ,Expenses per Employee,244536.59,2020-Q3,productivity,triangulated
ANZ,Profit per Customer,351.26,2020-Q3,productivity,estimated
ANZ,Gross Income per Customer,1394.81,2020-Q3,productivity,estimated
ANZ,Expenses per Customer,742.67,2020-Q3,productivity,estimated
ANZ,Profit per Employee,191658.54,2020-Q4,productivity,triangulated
ANZ,Gross Income per Employee,454682.93,2020-Q4,productivity,triangulated
ANZ,Expenses per Employee,194097.56,2020-Q4,productivity,triangulated
ANZ,Profit per Customer,582.07,2020-Q4,productivity,estimated
ANZ,Gross Income per Customer,1380.89,2020-Q4,productivity,estimated
ANZ,Expenses per Customer,589.48,2020-Q4,productivity,estimated
ANZ,Profit per Employee,270195.12,2021-Q1,productivity,triangulated
ANZ,Gross Income per Employee,526390.24,2021-Q1,productivity,triangulated
ANZ,Expenses per Employee,182390.24,2021-Q1,productivity,triangulated
ANZ,Profit per Customer,820.59,2021-Q1,productivity,estimated
ANZ,Gross Income per Customer,1598.67,2021-Q1,productivity,estimated
ANZ,Expenses per Customer,553.93,2021-Q1,productivity,estimated
ANZ,Profit per Employee,239707.32,2021-Q2,productivity,triangulated
ANZ,Gross Income per Employee,518341.46,2021-Q2,productivity,triangulated
ANZ,Expenses per Employee,200292.68,2021-Q2,productivity,triangulated
ANZ,Profit per Customer,728.0,2021-Q2,productivity,estimated
ANZ,Gross Income per Customer,1574.22,2021-Q2,productivity,estimated
ANZ,Expenses per Customer,608.3,2021-Q2,productivity,estimated
ANZ,Profit per Employee,256769.23,2021-Q3,productivity,triangulated
ANZ,Gross Income per Employee,572205.13,2021-Q3,productivity,triangulated
ANZ,Expenses per Employee,225128.21,2021-Q3,productivity,triangulated
ANZ,Profit per Customer,728.29,2021-Q3,productivity,estimated
ANZ,Gross Income per Customer,1622.98,2021-Q3,productivity,estimated
ANZ,Expenses per Customer,638.55,2021-Q3,productivity,estimated
ANZ,Profit per Employee,254923.08,2021-Q4,productivity,triangulated
ANZ,Gross Income per Employee,573743.59,2021-Q4,productivity,triangulated
ANZ,Expenses per Employee,224512.82,2021-Q4,productivity,triangulated
ANZ,Profit per Customer,723.05,2021-Q4,productivity,estimated
ANZ,Gross Income per Customer,1627.35,2021-Q4,productivity,estimated
ANZ,Expenses per Customer,636.8,2021-Q4,productivity,estimated
ANZ,Profit per Employee,309743.59,2022-Q1,productivity,triangulated
ANZ,Gross Income per Employee,620923.08,2022-Q1,productivity,triangulated
ANZ,Expenses per Employee,198923.08,2022-Q1,productivity,triangulated
ANZ,Profit per Customer,878.55,2022-Q1,productivity,estimated
ANZ,Gross Income per Customer,1761.16,2022-Q1,productivity,estimated
ANZ,Expenses per Customer,564.22,2022-Q1,productivity,estimated
ANZ,Profit per Employee,313282.05,2022-Q2,productivity,triangulated
ANZ,Gross Income per Employee,658923.08,2022-Q2,productivity,triangulated
ANZ,Expenses per Employee,218000.0,2022-Q2,productivity,triangulated
ANZ,Profit per Customer,888.58,2022-Q2,productivity,estimated
ANZ,Gross Income per Customer,1868.95,2022-Q2,productivity,estimated
ANZ,Expenses per Customer,618.33,2022-Q2,productivity,estimated
ANZ,Profit per Employee,309022.76,2022-Q3,productivity,exact
ANZ,Gross Income per Employee,668487.28,2022-Q3,productivity,exact
ANZ,Expenses per Employee,215796.52,2022-Q3,productivity,exact
ANZ,Profit per Customer,824.43,2022-Q3,productivity,estimated
ANZ,Gross Income per Customer,1783.43,2022-Q3,productivity,estimated
ANZ,Expenses per Customer,575.71,2022-Q3,productivity,estimated
ANZ,Profit per Employee,295742.97,2022-Q4,productivity,exact
ANZ,Gross Income per Employee,644819.28,2022-Q4,productivity,exact
ANZ,Expenses per Employee,221793.84,2022-Q4,productivity,exact
ANZ,Profit per Customer,789.0,2022-Q4,productivity,estimated
ANZ,Gross Income per Customer,1720.29,2022-Q4,productivity,estimated
ANZ,Expenses per Customer,591.71,2022-Q4,productivity,estimated
ANZ,Profit per Employee,264471.22,2023-Q1,productivity,exact
ANZ,Gross Income per Employee,632610.44,2023-Q1,productivity,exact
ANZ,Expenses per Employee,212315.93,2023-Q1,productivity,exact
ANZ,Profit per Customer,705.57,2023-Q1,productivity,estimated
ANZ,Gross Income per Customer,1687.71,2023-Q1,productivity,estimated
ANZ,Expenses per Customer,566.43,2023-Q1,productivity,estimated
ANZ,Profit per Employee,321231.59,2023-Q2,productivity,exact
ANZ,Gross Income per Employee,690441.77,2023-Q2,productivity,exact
ANZ,Expenses per Employee,223935.74,2023-Q2,productivity,exact
ANZ,Profit per Customer,857.0,2023-Q2,productivity,estimated
ANZ,Gross Income per Customer,1842.0,2023-Q2,productivity,estimated
ANZ,Expenses per Customer,597.43,2023-Q2,productivity,estimated
ANZ,Profit per Employee,312931.51,2023-Q3,productivity,exact
ANZ,Gross Income per Employee,677643.84,2023-Q3,productivity,exact
ANZ,Expenses per Employee,237260.27,2023-Q3,productivity,exact
ANZ,Profit per Customer,815.86,2023-Q3,productivity,estimated
ANZ,Gross Income per Customer,1766.71,2023-Q3,productivity,estimated
ANZ,Expenses per Customer,618.57,2023-Q3,productivity,estimated
ANZ,Profit per Employee,236767.12,2023-Q4,productivity,exact
ANZ,Gross Income per Employee,588602.74,2023-Q4,productivity,exact
ANZ,Expenses per Employee,241369.86,2023-Q4,productivity,exact
ANZ,Profit per Customer,617.29,2023-Q4,productivity,estimated
ANZ,Gross Income per Customer,1534.57,2023-Q4,productivity,estimated
ANZ,Expenses per Customer,629.29,2023-Q4,productivity,estimated
ANZ,Profit per Employee,355890.41,2024-Q1,productivity,exact
ANZ,Gross Income per Employee,727178.08,2024-Q1,productivity,exact
ANZ,Expenses per Employee,228876.71,2024-Q1,productivity,exact
ANZ,Profit per Customer,927.86,2024-Q1,productivity,estimated
ANZ,Gross Income per Customer,1895.86,2024-Q1,productivity,estimated
ANZ,Expenses per Customer,596.71,2024-Q1,productivity,estimated
ANZ,Profit per Employee,336000.0,2024-Q2,productivity,exact
ANZ,Gross Income per Employee,712602.74,2024-Q2,productivity,exact
ANZ,Expenses per Employee,244383.56,2024-Q2,productivity,exact
ANZ,Profit per Customer,876.0,2024-Q2,productivity,estimated
ANZ,Gross Income per Customer,1857.86,2024-Q2,productivity,estimated
ANZ,Expenses per Customer,637.14,2024-Q2,productivity,estimated
ANZ,Profit per Employee,289239.44,2024-Q3,productivity,triangulated
ANZ,Gross Income per Employee,665126.76,2024-Q3,productivity,triangulated
ANZ,Expenses per Employee,256676.06,2024-Q3,productivity,triangulated
ANZ,Profit per Customer,733.43,2024-Q3,productivity,estimated
ANZ,Gross Income per Customer,1686.57,2024-Q3,productivity,estimated
ANZ,Expenses per Customer,650.86,2024-Q3,productivity,estimated
ANZ,Profit per Employee,381239.44,2024-Q4,productivity,triangulated
ANZ,Gross Income per Employee,790816.9,2024-Q4,productivity,triangulated
ANZ,Expenses per Employee,258422.54,2024-Q4,productivity,triangulated
ANZ,Profit per Customer,966.71,2024-Q4,productivity,estimated
ANZ,Gross Income per Customer,2005.29,2024-Q4,productivity,estimated
ANZ,Expenses per Customer,655.29,2024-Q4,productivity,estimated
ANZ,Profit per Employee,387830.99,2025-Q1,productivity,triangulated
ANZ,Gross Income per Employee,777239.44,2025-Q1,productivity,triangulated
ANZ,Expenses per Employee,244957.75,2025-Q1,productivity,triangulated
ANZ,Profit per Customer,983.43,2025-Q1,productivity,estimated
ANZ,Gross Income per Customer,1970.86,2025-Q1,productivity,estimated
ANZ,Expenses per Customer,621.14,2025-Q1,productivity,estimated
ANZ,Profit per Employee,365521.13,2025-Q2,productivity,triangulated
ANZ,Gross Income per Employee,769915.49,2025-Q2,productivity,triangulated
ANZ,Expenses per Employee,252112.68,2025-Q2,productivity,triangulated
ANZ,Profit per Customer,926.86,2025-Q2,productivity,estimated
ANZ,Gross Income per Customer,1952.29,2025-Q2,productivity,estimated
ANZ,Expenses per Customer,639.29,2025-Q2,productivity,estimated
ANZ,Profit per Employee,394647.89,2025-Q3,productivity,triangulated
ANZ,Gross Income per Employee,790704.23,2025-Q3,productivity,triangulated
ANZ,Expenses per Employee,265408.45,2025-Q3,productivity,triangulated
ANZ,Profit per Customer,1000.71,2025-Q3,productivity,estimated
ANZ,Gross Income per Customer,2005.0,2025-Q3,productivity,estimated
ANZ,Expenses per Customer,673.0,2025-Q3,productivity,estimated
ANZ,Profit per Employee,360676.06,2025-Q4,productivity,triangulated
ANZ,Gross Income per Employee,765577.46,2025-Q4,productivity,triangulated
ANZ,Expenses per Employee,255323.94,2025-Q4,productivity,triangulated
ANZ,Profit per Customer,914.57,2025-Q4,productivity,estimated
ANZ,Gross Income per Customer,1941.29,2025-Q4,productivity,estimated
ANZ,Expenses per Customer,647.43,2025-Q4,productivity,estimated
ASB,Profit per Employee,233056.6,2018-Q2,productivity,triangulated
ASB,Gross Income per Employee,517811.32,2018-Q2,productivity,triangulated
ASB,Expenses per Employee,186415.09,2018-Q2,productivity,triangulated
ASB,Profit per Customer,617.6,2018-Q2,productivity,estimated
ASB,Gross Income per Customer,1372.2,2018-Q2,productivity,estimated
ASB,Expenses per Customer,494.0,2018-Q2,productivity,estimated
ASB,Profit per Employee,239320.75,2018-Q3,productivity,triangulated
ASB,Gross Income per Employee,515169.81,2018-Q3,productivity,triangulated
ASB,Expenses per Employee,175622.64,2018-Q3,productivity,triangulated
ASB,Profit per Customer,634.2,2018-Q3,productivity,estimated
ASB,Gross Income per Customer,1365.2,2018-Q3,productivity,estimated
ASB,Expenses per Customer,465.4,2018-Q3,productivity,estimated
ASB,Profit per Employee,236226.42,2018-Q4,productivity,triangulated
ASB,Gross Income per Employee,536830.19,2018-Q4,productivity,triangulated
ASB,Expenses per Employee,181509.43,2018-Q4,productivity,triangulated
ASB,Profit per Customer,626.0,2018-Q4,productivity,estimated
ASB,Gross Income per Customer,1422.6,2018-Q4,productivity,estimated
ASB,Expenses per Customer,481.0,2018-Q4,productivity,estimated
ASB,Profit per Employee,259773.58,2019-Q1,productivity,triangulated
ASB,Gross Income per Employee,551094.34,2019-Q1,productivity,triangulated
ASB,Expenses per Employee,179698.11,2019-Q1,productivity,triangulated
ASB,Profit per Customer,688.4,2019-Q1,productivity,estimated
ASB,Gross Income per Customer,1460.4,2019-Q1,productivity,estimated
ASB,Expenses per Customer,476.2,2019-Q1,productivity,estimated
ASB,Profit per Employee,230692.31,2019-Q2,productivity,triangulated
ASB,Gross Income per Employee,537769.23,2019-Q2,productivity,triangulated
ASB,Expenses per Employee,196615.38,2019-Q2,productivity,triangulated
ASB,Profit per Customer,585.17,2019-Q2,productivity,estimated
ASB,Gross Income per Customer,1364.1,2019-Q2,productivity,estimated
ASB,Expenses per Customer,498.73,2019-Q2,productivity,estimated
ASB,Profit per Employee,250461.54,2019-Q3,productivity,triangulated
ASB,Gross Income per Employee,549461.54,2019-Q3,productivity,triangulated
ASB,Expenses per Employee,191615.38,2019-Q3,productivity,triangulated
ASB,Profit per Customer,635.32,2019-Q3,productivity,estimated
ASB,Gross Income per Customer,1393.76,2019-Q3,productivity,estimated
ASB,Expenses per Customer,486.05,2019-Q3,productivity,estimated
ASB,Profit per Employee,210000.0,2019-Q4,productivity,triangulated
ASB,Gross Income per Employee,526230.77,2019-Q4,productivity,triangulated
ASB,Expenses per Employee,219230.77,2019-Q4,productivity,triangulated
ASB,Profit per Customer,532.68,2019-Q4,productivity,estimated
ASB,Gross Income per Customer,1334.83,2019-Q4,productivity,estimated
ASB,Expenses per Customer,556.1,2019-Q4,productivity,estimated
ASB,Profit per Employee,160846.15,2020-Q1,productivity,triangulated
ASB,Gross Income per Employee,538923.08,2020-Q1,productivity,triangulated
ASB,Expenses per Employee,197769.23,2020-Q1,productivity,triangulated
ASB,Profit per Customer,408.0,2020-Q1,productivity,estimated
ASB,Gross Income per Customer,1367.02,2020-Q1,productivity,estimated
ASB,Expenses per Customer,501.66,2020-Q1,productivity,estimated
ASB,Profit per Employee,119840.0,2020-Q2,productivity,triangulated
ASB,Gross Income per Employee,520400.0,2020-Q2,productivity,triangulated
ASB,Expenses per Employee,250480.0,2020-Q2,productivity,triangulated
ASB,Profit per Customer,292.29,2020-Q2,productivity,estimated
ASB,Gross Income per Customer,1269.27,2020-Q2,productivity,estimated
ASB,Expenses per Customer,610.93,2020-Q2,productivity,estimated
ASB,Profit per Employee,230480.0,2020-Q3,productivity,triangulated
ASB,Gross Income per Employee,551280.0,2020-Q3,productivity,triangulated
ASB,Expenses per Employee,206320.0,2020-Q3,productivity,triangulated
ASB,Profit per Customer,562.15,2020-Q3,productivity,estimated
ASB,Gross Income per Customer,1344.59,2020-Q3,productivity,estimated
ASB,Expenses per Customer,503.22,2020-Q3,productivity,estimated
ASB,Profit per Employee,269200.0,2020-Q4,productivity,triangulated
ASB,Gross Income per Employee,581280.0,2020-Q4,productivity,triangulated
ASB,Expenses per Employee,208160.0,2020-Q4,productivity,triangulated
ASB,Profit per Customer,656.59,2020-Q4,productivity,estimated
ASB,Gross Income per Customer,1417.76,2020-Q4,productivity,estimated
ASB,Expenses per Customer,507.71,2020-Q4,productivity,estimated
ASB,Profit per Employee,291200.0,2021-Q1,productivity,triangulated
ASB,Gross Income per Employee,620240.0,2021-Q1,productivity,triangulated
ASB,Expenses per Employee,226720.0,2021-Q1,productivity,triangulated
ASB,Profit per Customer,710.24,2021-Q1,productivity,estimated
ASB,Gross Income per Customer,1512.78,2021-Q1,productivity,estimated
ASB,Expenses per Customer,552.98,2021-Q1,productivity,estimated
ASB,Profit per Employee,269010.1,2021-Q2,productivity,triangulated
ASB,Gross Income per Employee,632161.62,2021-Q2,productivity,triangulated
ASB,Expenses per Employee,274909.09,2021-Q2,productivity,triangulated
ASB,Profit per Customer,641.73,2021-Q2,productivity,estimated
ASB,Gross Income per Customer,1508.05,2021-Q2,productivity,estimated
ASB,Expenses per Customer,655.81,2021-Q2,productivity,estimated
ASB,Profit per Employee,300686.87,2021-Q3,productivity,triangulated
ASB,Gross Income per Employee,654545.45,2021-Q3,productivity,triangulated
ASB,Expenses per Employee,244525.25,2021-Q3,productivity,triangulated
ASB,Profit per Customer,717.3,2021-Q3,productivity,estimated
ASB,Gross Income per Customer,1561.45,2021-Q3,productivity,estimated
ASB,Expenses per Customer,583.33,2021-Q3,productivity,estimated
ASB,Profit per Employee,315313.13,2021-Q4,productivity,triangulated
ASB,Gross Income per Employee,638545.45,2021-Q4,productivity,triangulated
ASB,Expenses per Employee,203151.52,2021-Q4,productivity,triangulated
ASB,Profit per Customer,752.19,2021-Q4,productivity,estimated
ASB,Gross Income per Customer,1523.28,2021-Q4,productivity,estimated
ASB,Expenses per Customer,484.63,2021-Q4,productivity,estimated
ASB,Profit per Employee,289373.74,2022-Q1,productivity,triangulated
ASB,Gross Income per Employee,649131.31,2022-Q1,productivity,triangulated
ASB,Expenses per Employee,240727.27,2022-Q1,productivity,triangulated
ASB,Profit per Customer,690.31,2022-Q1,productivity,estimated
ASB,Gross Income per Customer,1548.53,2022-Q1,productivity,estimated
ASB,Expenses per Customer,574.27,2022-Q1,productivity,estimated
ASB,Profit per Employee,285959.18,2022-Q2,productivity,exact
ASB,Gross Income per Employee,691836.73,2022-Q2,productivity,exact
ASB,Expenses per Employee,263918.37,2022-Q2,productivity,exact
ASB,Profit per Customer,667.24,2022-Q2,productivity,estimated
ASB,Gross Income per Customer,1614.29,2022-Q2,productivity,estimated
ASB,Expenses per Customer,615.81,2022-Q2,productivity,estimated
ASB,Profit per Employee,351836.73,2022-Q3,productivity,exact
ASB,Gross Income per Employee,755183.67,2022-Q3,productivity,exact
ASB,Expenses per Employee,262530.61,2022-Q3,productivity,exact
ASB,Profit per Customer,820.95,2022-Q3,productivity,estimated
ASB,Gross Income per Customer,1762.1,2022-Q3,productivity,estimated
ASB,Expenses per Customer,612.57,2022-Q3,productivity,estimated
ASB,Profit per Employee,333959.18,2022-Q4,productivity,exact
ASB,Gross Income per Employee,735346.94,2022-Q4,productivity,exact
ASB,Expenses per Employee,234775.51,2022-Q4,productivity,exact
ASB,Profit per Customer,779.24,2022-Q4,productivity,estimated
ASB,Gross Income per Customer,1715.81,2022-Q4,productivity,estimated
ASB,Expenses per Customer,547.81,2022-Q4,productivity,estimated
ASB,Profit per Employee,293142.86,2023-Q1,productivity,exact
ASB,Gross Income per Employee,673142.86,2023-Q1,productivity,exact
ASB,Expenses per Employee,253224.49,2023-Q1,productivity,exact
ASB,Profit per Customer,684.0,2023-Q1,productivity,estimated
ASB,Gross Income per Customer,1570.67,2023-Q1,productivity,estimated
ASB,Expenses per Customer,590.86,2023-Q1,productivity,estimated
ASB,Profit per Employee,306127.66,2023-Q2,productivity,exact
ASB,Gross Income per Employee,713531.91,2023-Q2,productivity,exact
ASB,Expenses per Employee,288000.0,2023-Q2,productivity,exact
ASB,Profit per Customer,685.14,2023-Q2,productivity,estimated
ASB,Gross Income per Customer,1596.95,2023-Q2,productivity,estimated
ASB,Expenses per Customer,644.57,2023-Q2,productivity,estimated
ASB,Profit per Employee,299829.79,2023-Q3,productivity,exact
ASB,Gross Income per Employee,723404.26,2023-Q3,productivity,exact
ASB,Expenses per Employee,282127.66,2023-Q3,productivity,exact
ASB,Profit per Customer,671.05,2023-Q3,productivity,estimated
ASB,Gross Income per Customer,1619.05,2023-Q3,productivity,estimated
ASB,Expenses per Customer,631.43,2023-Q3,productivity,estimated
ASB,Profit per Employee,337361.7,2023-Q4,productivity,exact
ASB,Gross Income per Employee,721191.49,2023-Q4,productivity,exact
ASB,Expenses per Employee,268255.32,2023-Q4,productivity,exact
ASB,Profit per Customer,755.05,2023-Q4,productivity,estimated
ASB,Gross Income per Customer,1614.1,2023-Q4,productivity,estimated
ASB,Expenses per Customer,600.38,2023-Q4,productivity,estimated
ASB,Profit per Employee,307063.83,2024-Q1,productivity,exact
ASB,Gross Income per Employee,712936.17,2024-Q1,productivity,exact
ASB,Expenses per Employee,266042.55,2024-Q1,productivity,exact
ASB,Profit per Customer,687.24,2024-Q1,productivity,estimated
ASB,Gross Income per Customer,1595.62,2024-Q1,productivity,estimated
ASB,Expenses per Customer,595.43,2024-Q1,productivity,estimated
ASB,Profit per Employee,300434.78,2024-Q2,productivity,triangulated
ASB,Gross Income per Employee,745739.13,2024-Q2,productivity,triangulated
ASB,Expenses per Employee,292869.57,2024-Q2,productivity,triangulated
ASB,Profit per Customer,658.1,2024-Q2,productivity,estimated
ASB,Gross Income per Customer,1633.52,2024-Q2,productivity,estimated
ASB,Expenses per Customer,641.52,2024-Q2,productivity,estimated
ASB,Profit per Employee,306782.61,2024-Q3,productivity,triangulated
ASB,Gross Income per Employee,749652.17,2024-Q3,productivity,triangulated
ASB,Expenses per Employee,298521.74,2024-Q3,productivity,triangulated
ASB,Profit per Customer,672.0,2024-Q3,productivity,estimated
ASB,Gross Income per Customer,1642.1,2024-Q3,productivity,estimated
ASB,Expenses per Customer,653.9,2024-Q3,productivity,estimated
ASB,Profit per Employee,356956.52,2024-Q4,productivity,triangulated
ASB,Gross Income per Employee,795043.48,2024-Q4,productivity,triangulated
ASB,Expenses per Employee,307565.22,2024-Q4,productivity,triangulated
ASB,Profit per Customer,781.9,2024-Q4,productivity,estimated
ASB,Gross Income per Customer,1741.52,2024-Q4,productivity,estimated
ASB,Expenses per Customer,673.71,2024-Q4,productivity,estimated
ASB,Profit per Employee,327217.39,2025-Q1,productivity,triangulated
ASB,Gross Income per Employee,766695.65,2025-Q1,productivity,triangulated
ASB,Expenses per Employee,291391.3,2025-Q1,productivity,triangulated
ASB,Profit per Customer,716.76,2025-Q1,productivity,estimated
ASB,Gross Income per Customer,1679.43,2025-Q1,productivity,estimated
ASB,Expenses per Customer,638.29,2025-Q1,productivity,estimated
ASB,Profit per Employee,269043.48,2025-Q2,productivity,triangulated
ASB,Gross Income per Employee,734173.91,2025-Q2,productivity,triangulated
ASB,Expenses per Employee,343826.09,2025-Q2,productivity,triangulated
ASB,Profit per Customer,589.33,2025-Q2,productivity,estimated
ASB,Gross Income per Customer,1608.19,2025-Q2,productivity,estimated
ASB,Expenses per Customer,753.14,2025-Q2,productivity,estimated
ASB,Profit per Employee,286260.87,2025-Q3,productivity,triangulated
ASB,Gross Income per Employee,808000.0,2025-Q3,productivity,triangulated
ASB,Expenses per Employee,400695.65,2025-Q3,productivity,triangulated
ASB,Profit per Customer,627.05,2025-Q3,productivity,estimated
ASB,Gross Income per Customer,1769.9,2025-Q3,productivity,estimated
ASB,Expenses per Customer,877.71,2025-Q3,productivity,estimated
ASB,Profit per Employee,379043.48,2025-Q4,productivity,triangulated
ASB,Gross Income per Employee,847130.43,2025-Q4,productivity,triangulated
ASB,Expenses per Employee,330521.74,2025-Q4,productivity,triangulated
ASB,Profit per Customer,830.29,2025-Q4,productivity,estimated
ASB,Gross Income per Customer,1855.62,2025-Q4,productivity,estimated
ASB,Expenses per Customer,724.0,2025-Q4,productivity,estimated
BNZ,Profit per Employee,222461.54,2018-Q3,productivity,triangulated
BNZ,Gross Income per Employee,506307.69,2018-Q3,productivity,triangulated
BNZ,Expenses per Employee,191615.38,2018-Q3,productivity,triangulated
BNZ,Profit per Customer,723.0,2018-Q3,productivity,estimated
BNZ,Gross Income per Customer,1645.5,2018-Q3,productivity,estimated
BNZ,Expenses per Customer,622.75,2018-Q3,productivity,estimated
BNZ,Profit per Employee,194923.08,2018-Q4,productivity,triangulated
BNZ,Gross Income per Employee,473000.0,2018-Q4,productivity,triangulated
BNZ,Expenses per Employee,191153.85,2018-Q4,productivity,triangulated
BNZ,Profit per Customer,633.5,2018-Q4,productivity,estimated
BNZ,Gross Income per Customer,1537.25,2018-Q4,productivity,estimated
BNZ,Expenses per Customer,621.25,2018-Q4,productivity,estimated
BNZ,Profit per Employee,227846.15,2019-Q1,productivity,triangulated
BNZ,Gross Income per Employee,525384.62,2019-Q1,productivity,triangulated
BNZ,Expenses per Employee,187307.69,2019-Q1,productivity,triangulated
BNZ,Profit per Customer,740.5,2019-Q1,productivity,estimated
BNZ,Gross Income per Customer,1707.5,2019-Q1,productivity,estimated
BNZ,Expenses per Customer,608.75,2019-Q1,productivity,estimated
BNZ,Profit per Employee,240461.54,2019-Q2,productivity,triangulated
BNZ,Gross Income per Employee,550384.62,2019-Q2,productivity,triangulated
BNZ,Expenses per Employee,195230.77,2019-Q2,productivity,triangulated
BNZ,Profit per Customer,781.5,2019-Q2,productivity,estimated
BNZ,Gross Income per Customer,1788.75,2019-Q2,productivity,estimated
BNZ,Expenses per Customer,634.5,2019-Q2,productivity,estimated
BNZ,Profit per Employee,125725.49,2019-Q3,productivity,triangulated
BNZ,Gross Income per Employee,500156.86,2019-Q3,productivity,triangulated
BNZ,Expenses per Employee,305647.06,2019-Q3,productivity,triangulated
BNZ,Profit per Customer,394.58,2019-Q3,productivity,estimated
BNZ,Gross Income per Customer,1569.72,2019-Q3,productivity,estimated
BNZ,Expenses per Customer,959.26,2019-Q3,productivity,estimated
BNZ,Profit per Employee,186352.94,2019-Q4,productivity,triangulated
BNZ,Gross Income per Employee,475294.12,2019-Q4,productivity,triangulated
BNZ,Expenses per Employee,191921.57,2019-Q4,productivity,triangulated
BNZ,Profit per Customer,584.86,2019-Q4,productivity,estimated
BNZ,Gross Income per Customer,1491.69,2019-Q4,productivity,estimated
BNZ,Expenses per Customer,602.34,2019-Q4,productivity,estimated
BNZ,Profit per Employee,101019.61,2020-Q1,productivity,triangulated
BNZ,Gross Income per Employee,556470.59,2020-Q1,productivity,triangulated
BNZ,Expenses per Employee,322745.1,2020-Q1,productivity,triangulated
BNZ,Profit per Customer,317.05,2020-Q1,productivity,estimated
BNZ,Gross Income per Customer,1746.46,2020-Q1,productivity,estimated
BNZ,Expenses per Customer,1012.92,2020-Q1,productivity,estimated
BNZ,Profit per Employee,146823.53,2020-Q2,productivity,triangulated
BNZ,Gross Income per Employee,491686.27,2020-Q2,productivity,triangulated
BNZ,Expenses per Employee,206352.94,2020-Q2,productivity,triangulated
BNZ,Profit per Customer,460.8,2020-Q2,productivity,estimated
BNZ,Gross Income per Customer,1543.14,2020-Q2,productivity,estimated
BNZ,Expenses per Customer,647.63,2020-Q2,productivity,estimated
BNZ,Profit per Employee,166960.0,2020-Q3,productivity,triangulated
BNZ,Gross Income per Employee,494160.0,2020-Q3,productivity,triangulated
BNZ,Expenses per Employee,205840.0,2020-Q3,productivity,triangulated
BNZ,Profit per Customer,505.94,2020-Q3,productivity,estimated
BNZ,Gross Income per Customer,1497.45,2020-Q3,productivity,estimated
BNZ,Expenses per Customer,623.76,2020-Q3,productivity,estimated
BNZ,Profit per Employee,242640.0,2020-Q4,productivity,triangulated
BNZ,Gross Income per Employee,517840.0,2020-Q4,productivity,triangulated
BNZ,Expenses per Employee,203840.0,2020-Q4,productivity,triangulated
BNZ,Profit per Customer,735.27,2020-Q4,productivity,estimated
BNZ,Gross Income per Customer,1569.21,2020-Q4,productivity,estimated
BNZ,Expenses per Customer,617.7,2020-Q4,productivity,estimated
BNZ,Profit per Employee,285440.0,2021-Q1,productivity,triangulated
BNZ,Gross Income per Employee,599200.0,2021-Q1,productivity,triangulated
BNZ,Expenses per Employee,196240.0,2021-Q1,productivity,triangulated
BNZ,Profit per Customer,864.97,2021-Q1,productivity,estimated
BNZ,Gross Income per Customer,1815.76,2021-Q1,productivity,estimated
BNZ,Expenses per Customer,594.67,2021-Q1,productivity,estimated
BNZ,Profit per Employee,254320.0,2021-Q2,productivity,triangulated
BNZ,Gross Income per Employee,554320.0,2021-Q2,productivity,triangulated
BNZ,Expenses per Employee,211920.0,2021-Q2,productivity,triangulated
BNZ,Profit per Customer,770.67,2021-Q2,productivity,estimated
BNZ,Gross Income per Customer,1679.76,2021-Q2,productivity,estimated
BNZ,Expenses per Customer,642.18,2021-Q2,productivity,estimated
BNZ,Profit per Employee,275200.0,2021-Q3,productivity,triangulated
BNZ,Gross Income per Employee,604720.0,2021-Q3,productivity,triangulated
BNZ,Expenses per Employee,236000.0,2021-Q3,productivity,triangulated
BNZ,Profit per Customer,821.49,2021-Q3,productivity,estimated
BNZ,Gross Income per Customer,1805.13,2021-Q3,productivity,estimated
BNZ,Expenses per Customer,704.48,2021-Q3,productivity,estimated
BNZ,Profit per Employee,284640.0,2021-Q4,productivity,triangulated
BNZ,Gross Income per Employee,603520.0,2021-Q4,productivity,triangulated
BNZ,Expenses per Employee,213120.0,2021-Q4,productivity,triangulated
BNZ,Profit per Customer,849.67,2021-Q4,productivity,estimated
BNZ,Gross Income per Customer,1801.55,2021-Q4,productivity,estimated
BNZ,Expenses per Customer,636.18,2021-Q4,productivity,estimated
BNZ,Profit per Employee,282400.0,2022-Q1,productivity,triangulated
BNZ,Gross Income per Employee,600240.0,2022-Q1,productivity,triangulated
BNZ,Expenses per Employee,178320.0,2022-Q1,productivity,triangulated
BNZ,Profit per Customer,842.99,2022-Q1,productivity,estimated
BNZ,Gross Income per Customer,1791.76,2022-Q1,productivity,estimated
BNZ,Expenses per Customer,532.3,2022-Q1,productivity,estimated
BNZ,Profit per Employee,301520.0,2022-Q2,productivity,triangulated
BNZ,Gross Income per Employee,645360.0,2022-Q2,productivity,triangulated
BNZ,Expenses per Employee,223760.0,2022-Q2,productivity,triangulated
BNZ,Profit per Customer,900.06,2022-Q2,productivity,estimated
BNZ,Gross Income per Customer,1926.45,2022-Q2,productivity,estimated
BNZ,Expenses per Customer,667.94,2022-Q2,productivity,estimated
BNZ,Profit per Employee,265050.51,2022-Q3,productivity,exact
BNZ,Gross Income per Employee,666505.05,2022-Q3,productivity,exact
BNZ,Expenses per Employee,248484.85,2022-Q3,productivity,exact
BNZ,Profit per Customer,771.76,2022-Q3,productivity,estimated
BNZ,Gross Income per Customer,1940.71,2022-Q3,productivity,estimated
BNZ,Expenses per Customer,723.53,2022-Q3,productivity,estimated
BNZ,Profit per Employee,342949.49,2022-Q4,productivity,exact
BNZ,Gross Income per Employee,716525.25,2022-Q4,productivity,exact
BNZ,Expenses per Employee,242181.82,2022-Q4,productivity,exact
BNZ,Profit per Customer,998.59,2022-Q4,productivity,estimated
BNZ,Gross Income per Customer,2086.35,2022-Q4,productivity,estimated
BNZ,Expenses per Customer,705.18,2022-Q4,productivity,estimated
BNZ,Profit per Employee,307878.79,2023-Q1,productivity,exact
BNZ,Gross Income per Employee,702060.61,2023-Q1,productivity,exact
BNZ,Expenses per Employee,223838.38,2023-Q1,productivity,exact
BNZ,Profit per Customer,896.47,2023-Q1,productivity,estimated
BNZ,Gross Income per Customer,2044.24,2023-Q1,productivity,estimated
BNZ,Expenses per Customer,651.76,2023-Q1,productivity,estimated
BNZ,Profit per Employee,296161.62,2023-Q2,productivity,exact
BNZ,Gross Income per Employee,709656.57,2023-Q2,productivity,exact
BNZ,Expenses per Employee,250989.9,2023-Q2,productivity,exact
BNZ,Profit per Customer,862.35,2023-Q2,productivity,estimated
BNZ,Gross Income per Customer,2066.35,2023-Q2,productivity,estimated
BNZ,Expenses per Customer,730.82,2023-Q2,productivity,estimated
BNZ,Profit per Employee,280833.33,2023-Q3,productivity,exact
BNZ,Gross Income per Employee,703083.33,2023-Q3,productivity,exact
BNZ,Expenses per Employee,279000.0,2023-Q3,productivity,exact
BNZ,Profit per Customer,792.94,2023-Q3,productivity,estimated
BNZ,Gross Income per Customer,1985.18,2023-Q3,productivity,estimated
BNZ,Expenses per Customer,787.76,2023-Q3,productivity,estimated
BNZ,Profit per Employee,340250.0,2023-Q4,productivity,exact
BNZ,Gross Income per Employee,742750.0,2023-Q4,productivity,exact
BNZ,Expenses per Employee,271416.67,2023-Q4,productivity,exact
BNZ,Profit per Customer,960.71,2023-Q4,productivity,estimated
BNZ,Gross Income per Customer,2097.18,2023-Q4,productivity,estimated
BNZ,Expenses per Customer,766.35,2023-Q4,productivity,estimated
BNZ,Profit per Employee,294333.33,2024-Q1,productivity,exact
BNZ,Gross Income per Employee,726750.0,2024-Q1,productivity,exact
BNZ,Expenses per Employee,262750.0,2024-Q1,productivity,exact
BNZ,Profit per Customer,831.06,2024-Q1,productivity,estimated
BNZ,Gross Income per Customer,2052.0,2024-Q1,productivity,estimated
BNZ,Expenses per Customer,741.88,2024-Q1,productivity,estimated
BNZ,Profit per Employee,330416.67,2024-Q2,productivity,exact
BNZ,Gross Income per Employee,827000.0,2024-Q2,productivity,exact
BNZ,Expenses per Employee,361666.67,2024-Q2,productivity,exact
BNZ,Profit per Customer,932.94,2024-Q2,productivity,estimated
BNZ,Gross Income per Customer,2335.06,2024-Q2,productivity,estimated
BNZ,Expenses per Customer,1021.18,2024-Q2,productivity,estimated
BNZ,Profit per Employee,296000.0,2024-Q3,productivity,triangulated
BNZ,Gross Income per Employee,726893.62,2024-Q3,productivity,triangulated
BNZ,Expenses per Employee,269702.13,2024-Q3,productivity,triangulated
BNZ,Profit per Customer,818.35,2024-Q3,productivity,estimated
BNZ,Gross Income per Customer,2009.65,2024-Q3,productivity,estimated
BNZ,Expenses per Customer,745.65,2024-Q3,productivity,estimated
BNZ,Profit per Employee,284851.06,2024-Q4,productivity,triangulated
BNZ,Gross Income per Employee,729702.13,2024-Q4,productivity,triangulated
BNZ,Expenses per Employee,289021.28,2024-Q4,productivity,triangulated
BNZ,Profit per Customer,787.53,2024-Q4,productivity,estimated
BNZ,Gross Income per Customer,2017.41,2024-Q4,productivity,estimated
BNZ,Expenses per Customer,799.06,2024-Q4,productivity,estimated
BNZ,Profit per Employee,391489.36,2025-Q1,productivity,triangulated
BNZ,Gross Income per Employee,757276.6,2025-Q1,productivity,triangulated
BNZ,Expenses per Employee,283148.94,2025-Q1,productivity,triangulated
BNZ,Profit per Customer,1082.35,2025-Q1,productivity,estimated
BNZ,Gross Income per Customer,2093.65,2025-Q1,productivity,estimated
BNZ,Expenses per Customer,782.82,2025-Q1,productivity,estimated
BNZ,Profit per Employee,306127.66,2025-Q2,productivity,triangulated
BNZ,Gross Income per Employee,733872.34,2025-Q2,productivity,triangulated
BNZ,Expenses per Employee,301361.7,2025-Q2,productivity,triangulated
BNZ,Profit per Customer,846.35,2025-Q2,productivity,estimated
BNZ,Gross Income per Customer,2028.94,2025-Q2,productivity,estimated
BNZ,Expenses per Customer,833.18,2025-Q2,productivity,estimated
BNZ,Profit per Employee,293361.7,2025-Q3,productivity,triangulated
BNZ,Gross Income per Employee,745021.28,2025-Q3,productivity,triangulated
BNZ,Expenses per Employee,300765.96,2025-Q3,productivity,triangulated
BNZ,Profit per Customer,811.06,2025-Q3,productivity,estimated
BNZ,Gross Income per Customer,2059.76,2025-Q3,productivity,estimated
BNZ,Expenses per Customer,831.53,2025-Q3,productivity,estimated
BNZ,Profit per Employee,331148.94,2025-Q4,productivity,triangulated
BNZ,Gross Income per Employee,788255.32,2025-Q4,productivity,triangulated
BNZ,Expenses per Employee,306978.72,2025-Q4,productivity,triangulated
BNZ,Profit per Customer,915.53,2025-Q4,productivity,estimated
BNZ,Gross Income per Customer,2179.29,2025-Q4,productivity,estimated
BNZ,Expenses per Customer,848.71,2025-Q4,productivity,estimated
Kiwibank,Profit per Employee,57481.48,2018-Q2,productivity,triangulated
Kiwibank,Gross Income per Employee,247703.7,2018-Q2,productivity,triangulated
Kiwibank,Expenses per Employee,171407.41,2018-Q2,productivity,triangulated
Kiwibank,Profit per Customer,163.37,2018-Q2,productivity,triangulated
Kiwibank,Gross Income per Customer,704.0,2018-Q2,productivity,triangulated
Kiwibank,Expenses per Customer,487.16,2018-Q2,productivity,triangulated
Kiwibank,Profit per Employee,46962.96,2018-Q3,productivity,triangulated
Kiwibank,Gross Income per Employee,241333.33,2018-Q3,productivity,triangulated
Kiwibank,Expenses per Employee,175851.85,2018-Q3,productivity,triangulated
Kiwibank,Profit per Customer,133.47,2018-Q3,productivity,triangulated
Kiwibank,Gross Income per Customer,685.89,2018-Q3,productivity,triangulated
Kiwibank,Expenses per Customer,499.79,2018-Q3,productivity,triangulated
Kiwibank,Profit per Employee,45037.04,2018-Q4,productivity,triangulated
Kiwibank,Gross Income per Employee,236740.74,2018-Q4,productivity,triangulated
Kiwibank,Expenses per Employee,169777.78,2018-Q4,productivity,triangulated
Kiwibank,Profit per Customer,128.0,2018-Q4,productivity,triangulated
Kiwibank,Gross Income per Customer,672.84,2018-Q4,productivity,triangulated
Kiwibank,Expenses per Customer,482.53,2018-Q4,productivity,triangulated
Kiwibank,Profit per Employee,37629.63,2019-Q1,productivity,triangulated
Kiwibank,Gross Income per Employee,222222.22,2019-Q1,productivity,triangulated
Kiwibank,Expenses per Employee,165185.19,2019-Q1,productivity,triangulated
Kiwibank,Profit per Customer,106.95,2019-Q1,productivity,triangulated
Kiwibank,Gross Income per Customer,631.58,2019-Q1,productivity,triangulated
Kiwibank,Expenses per Customer,469.47,2019-Q1,productivity,triangulated
Kiwibank,Profit per Employee,30339.62,2019-Q2,productivity,triangulated
Kiwibank,Gross Income per Employee,240905.66,2019-Q2,productivity,triangulated
Kiwibank,Expenses per Employee,189283.02,2019-Q2,productivity,triangulated
Kiwibank,Profit per Customer,82.04,2019-Q2,productivity,triangulated
Kiwibank,Gross Income per Customer,651.43,2019-Q2,productivity,triangulated
Kiwibank,Expenses per Customer,511.84,2019-Q2,productivity,triangulated
Kiwibank,Profit per Employee,37735.85,2019-Q3,productivity,triangulated
Kiwibank,Gross Income per Employee,244528.3,2019-Q3,productivity,triangulated
Kiwibank,Expenses per Employee,190943.4,2019-Q3,productivity,triangulated
Kiwibank,Profit per Customer,102.04,2019-Q3,productivity,triangulated
Kiwibank,Gross Income per Customer,661.22,2019-Q3,productivity,triangulated
Kiwibank,Expenses per Customer,516.33,2019-Q3,productivity,triangulated
Kiwibank,Profit per Employee,40000.0,2019-Q4,productivity,triangulated
Kiwibank,Gross Income per Employee,251018.87,2019-Q4,productivity,triangulated
Kiwibank,Expenses per Employee,198339.62,2019-Q4,productivity,triangulated
Kiwibank,Profit per Customer,108.16,2019-Q4,productivity,triangulated
Kiwibank,Gross Income per Customer,678.78,2019-Q4,productivity,triangulated
Kiwibank,Expenses per Customer,536.33,2019-Q4,productivity,triangulated
Kiwibank,Profit per Employee,26113.21,2020-Q1,productivity,triangulated
Kiwibank,Gross Income per Employee,261584.91,2020-Q1,productivity,triangulated
Kiwibank,Expenses per Employee,198188.68,2020-Q1,productivity,triangulated
Kiwibank,Profit per Customer,70.61,2020-Q1,productivity,triangulated
Kiwibank,Gross Income per Customer,707.35,2020-Q1,productivity,triangulated
Kiwibank,Expenses per Customer,535.92,2020-Q1,productivity,triangulated
Kiwibank,Profit per Employee,-17846.15,2020-Q2,productivity,triangulated
Kiwibank,Gross Income per Employee,227230.77,2020-Q2,productivity,triangulated
Kiwibank,Expenses per Employee,206769.23,2020-Q2,productivity,triangulated
Kiwibank,Profit per Customer,-46.4,2020-Q2,productivity,triangulated
Kiwibank,Gross Income per Customer,590.8,2020-Q2,productivity,triangulated
Kiwibank,Expenses per Customer,537.6,2020-Q2,productivity,triangulated
Kiwibank,Profit per Employee,36153.85,2020-Q3,productivity,triangulated
Kiwibank,Gross Income per Employee,200923.08,2020-Q3,productivity,triangulated
Kiwibank,Expenses per Employee,149692.31,2020-Q3,productivity,triangulated
Kiwibank,Profit per Customer,94.0,2020-Q3,productivity,triangulated
Kiwibank,Gross Income per Customer,522.4,2020-Q3,productivity,triangulated
Kiwibank,Expenses per Customer,389.2,2020-Q3,productivity,triangulated
Kiwibank,Profit per Employee,48000.0,2020-Q4,productivity,triangulated
Kiwibank,Gross Income per Employee,222000.0,2020-Q4,productivity,triangulated
Kiwibank,Expenses per Employee,154461.54,2020-Q4,productivity,triangulated
Kiwibank,Profit per Customer,124.8,2020-Q4,productivity,triangulated
Kiwibank,Gross Income per Customer,577.2,2020-Q4,productivity,triangulated
Kiwibank,Expenses per Customer,401.6,2020-Q4,productivity,triangulated
Kiwibank,Profit per Employee,61692.31,2021-Q1,productivity,triangulated
Kiwibank,Gross Income per Employee,229538.46,2021-Q1,productivity,triangulated
Kiwibank,Expenses per Employee,146615.38,2021-Q1,productivity,triangulated
Kiwibank,Profit per Customer,160.4,2021-Q1,productivity,triangulated
Kiwibank,Gross Income per Customer,596.8,2021-Q1,productivity,triangulated
Kiwibank,Expenses per Customer,381.2,2021-Q1,productivity,triangulated
Kiwibank,Profit per Employee,47846.15,2021-Q2,productivity,triangulated
Kiwibank,Gross Income per Employee,234461.54,2021-Q2,productivity,triangulated
Kiwibank,Expenses per Employee,197846.15,2021-Q2,productivity,triangulated
Kiwibank,Profit per Customer,124.4,2021-Q2,productivity,triangulated
Kiwibank,Gross Income per Customer,609.6,2021-Q2,productivity,triangulated
Kiwibank,Expenses per Customer,514.4,2021-Q2,productivity,triangulated
Kiwibank,Profit per Employee,48461.54,2021-Q3,productivity,triangulated
Kiwibank,Gross Income per Employee,249384.62,2021-Q3,productivity,triangulated
Kiwibank,Expenses per Employee,176769.23,2021-Q3,productivity,triangulated
Kiwibank,Profit per Customer,126.0,2021-Q3,productivity,triangulated
Kiwibank,Gross Income per Customer,648.4,2021-Q3,productivity,triangulated
Kiwibank,Expenses per Customer,459.6,2021-Q3,productivity,triangulated
Kiwibank,Profit per Employee,49384.62,2021-Q4,productivity,triangulated
Kiwibank,Gross Income per Employee,254923.08,2021-Q4,productivity,triangulated
Kiwibank,Expenses per Employee,180153.85,2021-Q4,productivity,triangulated
Kiwibank,Profit per Customer,128.4,2021-Q4,productivity,triangulated
Kiwibank,Gross Income per Customer,662.8,2021-Q4,productivity,triangulated
Kiwibank,Expenses per Customer,468.4,2021-Q4,productivity,triangulated
Kiwibank,Profit per Employee,54615.38,2022-Q1,productivity,triangulated
Kiwibank,Gross Income per Employee,254153.85,2022-Q1,productivity,triangulated
Kiwibank,Expenses per Employee,174923.08,2022-Q1,productivity,triangulated
Kiwibank,Profit per Customer,142.0,2022-Q1,productivity,triangulated
Kiwibank,Gross Income per Customer,660.8,2022-Q1,productivity,triangulated
Kiwibank,Expenses per Customer,454.8,2022-Q1,productivity,triangulated
Kiwibank,Profit per Employee,49538.46,2022-Q2,productivity,exact
Kiwibank,Gross Income per Employee,287230.77,2022-Q2,productivity,exact
Kiwibank,Expenses per Employee,206153.85,2022-Q2,productivity,exact
Kiwibank,Profit per Customer,122.67,2022-Q2,productivity,triangulated
Kiwibank,Gross Income per Customer,711.24,2022-Q2,productivity,triangulated
Kiwibank,Expenses per Customer,510.48,2022-Q2,productivity,triangulated
Kiwibank,Profit per Employee,84153.85,2022-Q3,productivity,exact
Kiwibank,Gross Income per Employee,319846.15,2022-Q3,productivity,exact
Kiwibank,Expenses per Employee,198615.38,2022-Q3,productivity,exact
Kiwibank,Profit per Customer,208.38,2022-Q3,productivity,triangulated
Kiwibank,Gross Income per Customer,792.0,2022-Q3,productivity,triangulated
Kiwibank,Expenses per Customer,491.81,2022-Q3,productivity,triangulated
Kiwibank,Profit per Employee,67076.92,2022-Q4,productivity,exact
Kiwibank,Gross Income per Employee,319846.15,2022-Q4,productivity,exact
Kiwibank,Expenses per Employee,207230.77,2022-Q4,productivity,exact
Kiwibank,Profit per Customer,166.1,2022-Q4,productivity,triangulated
Kiwibank,Gross Income per Customer,792.0,2022-Q4,productivity,triangulated
Kiwibank,Expenses per Customer,513.14,2022-Q4,productivity,triangulated
Kiwibank,Profit per Employee,62769.23,2023-Q1,productivity,exact
Kiwibank,Gross Income per Employee,297692.31,2023-Q1,productivity,exact
Kiwibank,Expenses per Employee,194307.69,2023-Q1,productivity,exact
Kiwibank,Profit per Customer,155.43,2023-Q1,productivity,triangulated
Kiwibank,Gross Income per Customer,737.14,2023-Q1,productivity,triangulated
Kiwibank,Expenses per Customer,481.14,2023-Q1,productivity,triangulated
Kiwibank,Profit per Employee,57600.0,2023-Q2,productivity,exact
Kiwibank,Gross Income per Employee,330560.0,2023-Q2,productivity,exact
Kiwibank,Expenses per Employee,230560.0,2023-Q2,productivity,exact
Kiwibank,Profit per Customer,137.14,2023-Q2,productivity,triangulated
Kiwibank,Gross Income per Customer,787.05,2023-Q2,productivity,triangulated
Kiwibank,Expenses per Customer,548.95,2023-Q2,productivity,triangulated
Kiwibank,Profit per Employee,94880.0,2023-Q3,productivity,exact
Kiwibank,Gross Income per Employee,368480.0,2023-Q3,productivity,exact
Kiwibank,Expenses per Employee,227360.0,2023-Q3,productivity,exact
Kiwibank,Profit per Customer,225.9,2023-Q3,productivity,triangulated
Kiwibank,Gross Income per Customer,877.33,2023-Q3,productivity,triangulated
Kiwibank,Expenses per Customer,541.33,2023-Q3,productivity,triangulated
Kiwibank,Profit per Employee,73760.0,2023-Q4,productivity,exact
Kiwibank,Gross Income per Employee,348640.0,2023-Q4,productivity,exact
Kiwibank,Expenses per Employee,230720.0,2023-Q4,productivity,exact
Kiwibank,Profit per Customer,175.62,2023-Q4,productivity,triangulated
Kiwibank,Gross Income per Customer,830.1,2023-Q4,productivity,triangulated
Kiwibank,Expenses per Customer,549.33,2023-Q4,productivity,triangulated
Kiwibank,Profit per Employee,76160.0,2024-Q1,productivity,exact
Kiwibank,Gross Income per Employee,343680.0,2024-Q1,productivity,exact
Kiwibank,Expenses per Employee,221120.0,2024-Q1,productivity,exact
Kiwibank,Profit per Customer,181.33,2024-Q1,productivity,triangulated
Kiwibank,Gross Income per Customer,818.29,2024-Q1,productivity,triangulated
Kiwibank,Expenses per Customer,526.48,2024-Q1,productivity,triangulated
Kiwibank,Profit per Employee,77280.0,2024-Q2,productivity,triangulated
Kiwibank,Gross Income per Employee,347040.0,2024-Q2,productivity,triangulated
Kiwibank,Expenses per Employee,252960.0,2024-Q2,productivity,triangulated
Kiwibank,Profit per Customer,184.0,2024-Q2,productivity,triangulated
Kiwibank,Gross Income per Customer,826.29,2024-Q2,productivity,triangulated
Kiwibank,Expenses per Customer,602.29,2024-Q2,productivity,triangulated
Kiwibank,Profit per Employee,51360.0,2024-Q3,productivity,triangulated
Kiwibank,Gross Income per Employee,361760.0,2024-Q3,productivity,triangulated
Kiwibank,Expenses per Employee,254080.0,2024-Q3,productivity,triangulated
Kiwibank,Profit per Customer,122.29,2024-Q3,productivity,triangulated
Kiwibank,Gross Income per Customer,861.33,2024-Q3,productivity,triangulated
Kiwibank,Expenses per Customer,604.95,2024-Q3,productivity,triangulated
Kiwibank,Profit per Employee,96000.0,2024-Q4,productivity,triangulated
Kiwibank,Gross Income per Employee,375520.0,2024-Q4,productivity,triangulated
Kiwibank,Expenses per Employee,243840.0,2024-Q4,productivity,triangulated
Kiwibank,Profit per Customer,228.57,2024-Q4,productivity,triangulated
Kiwibank,Gross Income per Customer,894.1,2024-Q4,productivity,triangulated
Kiwibank,Expenses per Customer,580.57,2024-Q4,productivity,triangulated
Kiwibank,Profit per Employee,79040.0,2025-Q1,productivity,triangulated
Kiwibank,Gross Income per Employee,356480.0,2025-Q1,productivity,triangulated
Kiwibank,Expenses per Employee,239040.0,2025-Q1,productivity,triangulated
Kiwibank,Profit per Customer,188.19,2025-Q1,productivity,triangulated
Kiwibank,Gross Income per Customer,848.76,2025-Q1,productivity,triangulated
Kiwibank,Expenses per Customer,569.14,2025-Q1,productivity,triangulated
Kiwibank,Profit per Employee,78880.0,2025-Q2,productivity,triangulated
Kiwibank,Gross Income per Employee,364960.0,2025-Q2,productivity,triangulated
Kiwibank,Expenses per Employee,253120.0,2025-Q2,productivity,triangulated
Kiwibank,Profit per Customer,187.81,2025-Q2,productivity,triangulated
Kiwibank,Gross Income per Customer,868.95,2025-Q2,productivity,triangulated
Kiwibank,Expenses per Customer,602.67,2025-Q2,productivity,triangulated
Kiwibank,Profit per Employee,69120.0,2025-Q3,productivity,triangulated
Kiwibank,Gross Income per Employee,377280.0,2025-Q3,productivity,triangulated
Kiwibank,Expenses per Employee,265280.0,2025-Q3,productivity,triangulated
Kiwibank,Profit per Customer,164.57,2025-Q3,productivity,triangulated
Kiwibank,Gross Income per Customer,898.29,2025-Q3,productivity,triangulated
Kiwibank,Expenses per Customer,631.62,2025-Q3,productivity,triangulated
Kiwibank,Profit per Employee,95520.0,2025-Q4,productivity,triangulated
Kiwibank,Gross Income per Employee,386880.0,2025-Q4,productivity,triangulated
Kiwibank,Expenses per Employee,260480.0,2025-Q4,productivity,triangulated
Kiwibank,Profit per Customer,227.43,2025-Q4,productivity,triangulated
Kiwibank,Gross Income per Customer,921.14,2025-Q4,productivity,triangulated
Kiwibank,Expenses per Customer,620.19,2025-Q4,productivity,triangulated
Rabobank,Profit per Employee,188571.43,2018-Q4,productivity,estimated
Rabobank,Gross Income per Employee,620000.0,2018-Q4,productivity,estimated
Rabobank,Expenses per Employee,327619.05,2018-Q4,productivity,estimated
Rabobank,Profit per Customer,1760.0,2018-Q4,productivity,estimated
Rabobank,Gross Income per Customer,5786.67,2018-Q4,productivity,estimated
Rabobank,Expenses per Customer,3057.78,2018-Q4,productivity,estimated
Rabobank,Profit per Employee,229523.81,2019-Q1,productivity,estimated
Rabobank,Gross Income per Employee,608571.43,2019-Q1,productivity,estimated
Rabobank,Expenses per Employee,252380.95,2019-Q1,productivity,estimated
Rabobank,Profit per Customer,2142.22,2019-Q1,productivity,estimated
Rabobank,Gross Income per Customer,5680.0,2019-Q1,productivity,estimated
Rabobank,Expenses per Customer,2355.56,2019-Q1,productivity,estimated
Rabobank,Profit per Employee,146666.67,2019-Q2,productivity,estimated
Rabobank,Gross Income per Employee,624761.9,2019-Q2,productivity,estimated
Rabobank,Expenses per Employee,289523.81,2019-Q2,productivity,estimated
Rabobank,Profit per Customer,1368.89,2019-Q2,productivity,estimated
Rabobank,Gross Income per Customer,5831.11,2019-Q2,productivity,estimated
Rabobank,Expenses per Customer,2702.22,2019-Q2,productivity,estimated
Rabobank,Profit per Employee,280952.38,2019-Q3,productivity,estimated
Rabobank,Gross Income per Employee,637142.86,2019-Q3,productivity,estimated
Rabobank,Expenses per Employee,318095.24,2019-Q3,productivity,estimated
Rabobank,Profit per Customer,2622.22,2019-Q3,productivity,estimated
Rabobank,Gross Income per Customer,5946.67,2019-Q3,productivity,estimated
Rabobank,Expenses per Customer,2968.89,2019-Q3,productivity,estimated
Rabobank,Profit per Employee,188837.21,2019-Q4,productivity,estimated
Rabobank,Gross Income per Employee,626046.51,2019-Q4,productivity,estimated
Rabobank,Expenses per Employee,340465.12,2019-Q4,productivity,estimated
Rabobank,Profit per Customer,1765.22,2019-Q4,productivity,estimated
Rabobank,Gross Income per Customer,5852.17,2019-Q4,productivity,estimated
Rabobank,Expenses per Customer,3182.61,2019-Q4,productivity,estimated
Rabobank,Profit per Employee,164651.16,2020-Q1,productivity,estimated
Rabobank,Gross Income per Employee,646511.63,2020-Q1,productivity,estimated
Rabobank,Expenses per Employee,285581.4,2020-Q1,productivity,estimated
Rabobank,Profit per Customer,1539.13,2020-Q1,productivity,estimated
Rabobank,Gross Income per Customer,6043.48,2020-Q1,productivity,estimated
Rabobank,Expenses per Customer,2669.57,2020-Q1,productivity,estimated
Rabobank,Profit per Employee,219534.88,2020-Q2,productivity,estimated
Rabobank,Gross Income per Employee,624186.05,2020-Q2,productivity,estimated
Rabobank,Expenses per Employee,305116.28,2020-Q2,productivity,estimated
Rabobank,Profit per Customer,2052.17,2020-Q2,productivity,estimated
Rabobank,Gross Income per Customer,5834.78,2020-Q2,productivity,estimated
Rabobank,Expenses per Customer,2852.17,2020-Q2,productivity,estimated
Rabobank,Profit per Employee,312558.14,2020-Q3,productivity,estimated
Rabobank,Gross Income per Employee,668837.21,2020-Q3,productivity,estimated
Rabobank,Expenses per Employee,324651.16,2020-Q3,productivity,estimated
Rabobank,Profit per Customer,2921.74,2020-Q3,productivity,estimated
Rabobank,Gross Income per Customer,6252.17,2020-Q3,productivity,estimated
Rabobank,Expenses per Customer,3034.78,2020-Q3,productivity,estimated
Rabobank,Profit per Employee,227906.98,2020-Q4,productivity,estimated
Rabobank,Gross Income per Employee,692093.02,2020-Q4,productivity,estimated
Rabobank,Expenses per Employee,394418.6,2020-Q4,productivity,estimated
Rabobank,Profit per Customer,2130.43,2020-Q4,productivity,estimated
Rabobank,Gross Income per Customer,6469.57,2020-Q4,productivity,estimated
Rabobank,Expenses per Customer,3686.96,2020-Q4,productivity,estimated
Rabobank,Profit per Employee,310697.67,2021-Q1,productivity,estimated
Rabobank,Gross Income per Employee,741395.35,2021-Q1,productivity,estimated
Rabobank,Expenses per Employee,315348.84,2021-Q1,productivity,estimated
Rabobank,Profit per Customer,2904.35,2021-Q1,productivity,estimated
Rabobank,Gross Income per Customer,6930.43,2021-Q1,productivity,estimated
Rabobank,Expenses per Customer,2947.83,2021-Q1,productivity,estimated
Rabobank,Profit per Employee,314418.6,2021-Q2,productivity,estimated
Rabobank,Gross Income per Employee,749767.44,2021-Q2,productivity,estimated
Rabobank,Expenses per Employee,265116.28,2021-Q2,productivity,estimated
Rabobank,Profit per Customer,2939.13,2021-Q2,productivity,estimated
Rabobank,Gross Income per Customer,7008.7,2021-Q2,productivity,estimated
Rabobank,Expenses per Customer,2478.26,2021-Q2,productivity,estimated
Rabobank,Profit per Employee,372093.02,2021-Q3,productivity,estimated
Rabobank,Gross Income per Employee,789767.44,2021-Q3,productivity,estimated
Rabobank,Expenses per Employee,359069.77,2021-Q3,productivity,estimated
Rabobank,Profit per Customer,3478.26,2021-Q3,productivity,estimated
Rabobank,Gross Income per Customer,7382.61,2021-Q3,productivity,estimated
Rabobank,Expenses per Customer,3356.52,2021-Q3,productivity,estimated
Rabobank,Profit per Employee,339090.91,2021-Q4,productivity,estimated
Rabobank,Gross Income per Employee,798181.82,2021-Q4,productivity,estimated
Rabobank,Expenses per Employee,434545.45,2021-Q4,productivity,estimated
Rabobank,Profit per Customer,3174.47,2021-Q4,productivity,estimated
Rabobank,Gross Income per Customer,7472.34,2021-Q4,productivity,estimated
Rabobank,Expenses per Customer,4068.09,2021-Q4,productivity,estimated
Rabobank,Profit per Employee,274545.45,2022-Q1,productivity,estimated
Rabobank,Gross Income per Employee,718181.82,2022-Q1,productivity,estimated
Rabobank,Expenses per Employee,320000.0,2022-Q1,productivity,estimated
Rabobank,Profit per Customer,2570.21,2022-Q1,productivity,estimated
Rabobank,Gross Income per Customer,6723.4,2022-Q1,productivity,estimated
Rabobank,Expenses per Customer,2995.74,2022-Q1,productivity,estimated
Rabobank,Profit per Employee,337272.73,2022-Q2,productivity,estimated
Rabobank,Gross Income per Employee,780000.0,2022-Q2,productivity,estimated
Rabobank,Expenses per Employee,345454.55,2022-Q2,productivity,estimated
Rabobank,Profit per Customer,3157.45,2022-Q2,productivity,estimated
Rabobank,Gross Income per Customer,7302.13,2022-Q2,productivity,estimated
Rabobank,Expenses per Customer,3234.04,2022-Q2,productivity,estimated
Rabobank,Profit per Employee,373636.36,2022-Q3,productivity,estimated
Rabobank,Gross Income per Employee,880909.09,2022-Q3,productivity,estimated
Rabobank,Expenses per Employee,374545.45,2022-Q3,productivity,estimated
Rabobank,Profit per Customer,3497.87,2022-Q3,productivity,estimated
Rabobank,Gross Income per Customer,8246.81,2022-Q3,productivity,estimated
Rabobank,Expenses per Customer,3506.38,2022-Q3,productivity,estimated
Rabobank,Profit per Employee,344888.89,2022-Q4,productivity,exact
Rabobank,Gross Income per Employee,883555.56,2022-Q4,productivity,exact
Rabobank,Expenses per Employee,377777.78,2022-Q4,productivity,exact
Rabobank,Profit per Customer,3233.33,2022-Q4,productivity,estimated
Rabobank,Gross Income per Customer,8283.33,2022-Q4,productivity,estimated
Rabobank,Expenses per Customer,3541.67,2022-Q4,productivity,estimated
Rabobank,Profit per Employee,398222.22,2023-Q1,productivity,exact
Rabobank,Gross Income per Employee,928888.89,2023-Q1,productivity,exact
Rabobank,Expenses per Employee,368000.0,2023-Q1,productivity,exact
Rabobank,Profit per Customer,3733.33,2023-Q1,productivity,estimated
Rabobank,Gross Income per Customer,8708.33,2023-Q1,productivity,estimated
Rabobank,Expenses per Customer,3450.0,2023-Q1,productivity,estimated
Rabobank,Profit per Employee,384888.89,2023-Q2,productivity,exact
Rabobank,Gross Income per Employee,989333.33,2023-Q2,productivity,exact
Rabobank,Expenses per Employee,389333.33,2023-Q2,productivity,exact
Rabobank,Profit per Customer,3608.33,2023-Q2,productivity,estimated
Rabobank,Gross Income per Customer,9275.0,2023-Q2,productivity,estimated
Rabobank,Expenses per Customer,3650.0,2023-Q2,productivity,estimated
Rabobank,Profit per Employee,426666.67,2023-Q3,productivity,exact
Rabobank,Gross Income per Employee,989333.33,2023-Q3,productivity,exact
Rabobank,Expenses per Employee,392888.89,2023-Q3,productivity,exact
Rabobank,Profit per Customer,4000.0,2023-Q3,productivity,estimated
Rabobank,Gross Income per Customer,9275.0,2023-Q3,productivity,estimated
Rabobank,Expenses per Customer,3683.33,2023-Q3,productivity,estimated
Rabobank,Profit per Employee,416363.64,2023-Q4,productivity,exact
Rabobank,Gross Income per Employee,1017272.73,2023-Q4,productivity,exact
Rabobank,Expenses per Employee,402727.27,2023-Q4,productivity,exact
Rabobank,Profit per Customer,3816.67,2023-Q4,productivity,estimated
Rabobank,Gross Income per Customer,9325.0,2023-Q4,productivity,estimated
Rabobank,Expenses per Customer,3691.67,2023-Q4,productivity,estimated
Rabobank,Profit per Employee,458181.82,2024-Q1,productivity,exact
Rabobank,Gross Income per Employee,965454.55,2024-Q1,productivity,exact
Rabobank,Expenses per Employee,367272.73,2024-Q1,productivity,exact
Rabobank,Profit per Customer,4200.0,2024-Q1,productivity,estimated
Rabobank,Gross Income per Customer,8850.0,2024-Q1,productivity,estimated
Rabobank,Expenses per Customer,3366.67,2024-Q1,productivity,estimated
Rabobank,Profit per Employee,384545.45,2024-Q2,productivity,exact
Rabobank,Gross Income per Employee,1000909.09,2024-Q2,productivity,exact
Rabobank,Expenses per Employee,397272.73,2024-Q2,productivity,exact
Rabobank,Profit per Customer,3525.0,2024-Q2,productivity,estimated
Rabobank,Gross Income per Customer,9175.0,2024-Q2,productivity,estimated
Rabobank,Expenses per Customer,3641.67,2024-Q2,productivity,estimated
Rabobank,Profit per Employee,391818.18,2024-Q3,productivity,exact
Rabobank,Gross Income per Employee,965454.55,2024-Q3,productivity,exact
Rabobank,Expenses per Employee,406363.64,2024-Q3,productivity,exact
Rabobank,Profit per Customer,3591.67,2024-Q3,productivity,estimated
Rabobank,Gross Income per Customer,8850.0,2024-Q3,productivity,estimated
Rabobank,Expenses per Customer,3725.0,2024-Q3,productivity,estimated
Rabobank,Profit per Employee,259090.91,2024-Q4,productivity,estimated
Rabobank,Gross Income per Employee,956363.64,2024-Q4,productivity,estimated
Rabobank,Expenses per Employee,481818.18,2024-Q4,productivity,estimated
Rabobank,Profit per Customer,2375.0,2024-Q4,productivity,estimated
Rabobank,Gross Income per Customer,8766.67,2024-Q4,productivity,estimated
Rabobank,Expenses per Customer,4416.67,2024-Q4,productivity,estimated
Rabobank,Profit per Employee,353636.36,2025-Q1,productivity,estimated
Rabobank,Gross Income per Employee,902727.27,2025-Q1,productivity,estimated
Rabobank,Expenses per Employee,400000.0,2025-Q1,productivity,estimated
Rabobank,Profit per Customer,3241.67,2025-Q1,productivity,estimated
Rabobank,Gross Income per Customer,8275.0,2025-Q1,productivity,estimated
Rabobank,Expenses per Customer,3666.67,2025-Q1,productivity,estimated
Rabobank,Profit per Employee,360000.0,2025-Q2,productivity,estimated
Rabobank,Gross Income per Employee,928181.82,2025-Q2,productivity,estimated
Rabobank,Expenses per Employee,449090.91,2025-Q2,productivity,estimated
Rabobank,Profit per Customer,3300.0,2025-Q2,productivity,estimated
Rabobank,Gross Income per Customer,8508.33,2025-Q2,productivity,estimated
Rabobank,Expenses per Customer,4116.67,2025-Q2,productivity,estimated
Rabobank,Profit per Employee,356363.64,2025-Q3,productivity,estimated
Rabobank,Gross Income per Employee,870909.09,2025-Q3,productivity,estimated
Rabobank,Expenses per Employee,441818.18,2025-Q3,productivity,estimated
Rabobank,Profit per Customer,3266.67,2025-Q3,productivity,estimated
Rabobank,Gross Income per Customer,7983.33,2025-Q3,productivity,estimated
Rabobank,Expenses per Customer,4050.0,2025-Q3,productivity,estimated
Rabobank,Profit per Employee,374545.45,2025-Q4,productivity,estimated
Rabobank,Gross Income per Employee,964545.45,2025-Q4,productivity,estimated
Rabobank,Expenses per Employee,479090.91,2025-Q4,productivity,estimated
Rabobank,Profit per Customer,3433.33,2025-Q4,productivity,estimated
Rabobank,Gross Income per Customer,8841.67,2025-Q4,productivity,estimated
Rabobank,Expenses per Customer,4391.67,2025-Q4,productivity,estimated
Westpac,Profit per Employee,200640.0,2018-Q3,productivity,triangulated
Westpac,Gross Income per Employee,441200.0,2018-Q3,productivity,triangulated
Westpac,Expenses per Employee,180720.0,2018-Q3,productivity,triangulated
Westpac,Profit per Customer,647.23,2018-Q3,productivity,estimated
Westpac,Gross Income per Customer,1423.23,2018-Q3,productivity,estimated
Westpac,Expenses per Customer,582.97,2018-Q3,productivity,estimated
Westpac,Profit per Employee,194720.0,2018-Q4,productivity,triangulated
Westpac,Gross Income per Employee,463360.0,2018-Q4,productivity,triangulated
Westpac,Expenses per Employee,188560.0,2018-Q4,productivity,triangulated
Westpac,Profit per Customer,628.13,2018-Q4,productivity,estimated
Westpac,Gross Income per Customer,1494.71,2018-Q4,productivity,estimated
Westpac,Expenses per Customer,608.26,2018-Q4,productivity,estimated
Westpac,Profit per Employee,212560.0,2019-Q1,productivity,triangulated
Westpac,Gross Income per Employee,473120.0,2019-Q1,productivity,triangulated
Westpac,Expenses per Employee,185440.0,2019-Q1,productivity,triangulated
Westpac,Profit per Customer,685.68,2019-Q1,productivity,estimated
Westpac,Gross Income per Customer,1526.19,2019-Q1,productivity,estimated
Westpac,Expenses per Customer,598.19,2019-Q1,productivity,estimated
Westpac,Profit per Employee,187360.0,2019-Q2,productivity,triangulated
Westpac,Gross Income per Employee,450720.0,2019-Q2,productivity,triangulated
Westpac,Expenses per Employee,196000.0,2019-Q2,productivity,triangulated
Westpac,Profit per Customer,604.39,2019-Q2,productivity,estimated
Westpac,Gross Income per Customer,1453.94,2019-Q2,productivity,estimated
Westpac,Expenses per Customer,632.26,2019-Q2,productivity,estimated
Westpac,Profit per Employee,180163.27,2019-Q3,productivity,triangulated
Westpac,Gross Income per Employee,438285.71,2019-Q3,productivity,triangulated
Westpac,Expenses per Employee,202448.98,2019-Q3,productivity,triangulated
Westpac,Profit per Customer,569.55,2019-Q3,productivity,estimated
Westpac,Gross Income per Customer,1385.55,2019-Q3,productivity,estimated
Westpac,Expenses per Customer,640.0,2019-Q3,productivity,estimated
Westpac,Profit per Employee,156408.16,2019-Q4,productivity,triangulated
Westpac,Gross Income per Employee,444163.27,2019-Q4,productivity,triangulated
Westpac,Expenses per Employee,210040.82,2019-Q4,productivity,triangulated
Westpac,Profit per Customer,494.45,2019-Q4,productivity,estimated
Westpac,Gross Income per Customer,1404.13,2019-Q4,productivity,estimated
Westpac,Expenses per Customer,664.0,2019-Q4,productivity,estimated
Westpac,Profit per Employee,52326.53,2020-Q1,productivity,triangulated
Westpac,Gross Income per Employee,448489.8,2020-Q1,productivity,triangulated
Westpac,Expenses per Employee,218938.78,2020-Q1,productivity,triangulated
Westpac,Profit per Customer,165.42,2020-Q1,productivity,estimated
Westpac,Gross Income per Customer,1417.81,2020-Q1,productivity,estimated
Westpac,Expenses per Customer,692.13,2020-Q1,productivity,estimated
Westpac,Profit per Employee,66530.61,2020-Q2,productivity,triangulated
Westpac,Gross Income per Employee,403428.57,2020-Q2,productivity,triangulated
Westpac,Expenses per Employee,211673.47,2020-Q2,productivity,triangulated
Westpac,Profit per Customer,210.32,2020-Q2,productivity,estimated
Westpac,Gross Income per Customer,1275.35,2020-Q2,productivity,estimated
Westpac,Expenses per Customer,669.16,2020-Q2,productivity,estimated
Westpac,Profit per Employee,181446.81,2020-Q3,productivity,triangulated
Westpac,Gross Income per Employee,452085.11,2020-Q3,productivity,triangulated
Westpac,Expenses per Employee,208765.96,2020-Q3,productivity,triangulated
Westpac,Profit per Customer,550.19,2020-Q3,productivity,estimated
Westpac,Gross Income per Customer,1370.84,2020-Q3,productivity,estimated
Westpac,Expenses per Customer,633.03,2020-Q3,productivity,estimated
Westpac,Profit per Employee,245702.13,2020-Q4,productivity,triangulated
Westpac,Gross Income per Employee,491063.83,2020-Q4,productivity,triangulated
Westpac,Expenses per Employee,223063.83,2020-Q4,productivity,triangulated
Westpac,Profit per Customer,745.03,2020-Q4,productivity,estimated
Westpac,Gross Income per Customer,1489.03,2020-Q4,productivity,estimated
Westpac,Expenses per Customer,676.39,2020-Q4,productivity,estimated
Westpac,Profit per Employee,199829.79,2021-Q1,productivity,triangulated
Westpac,Gross Income per Employee,487319.15,2021-Q1,productivity,triangulated
Westpac,Expenses per Employee,223829.79,2021-Q1,productivity,triangulated
Westpac,Profit per Customer,605.94,2021-Q1,productivity,estimated
Westpac,Gross Income per Customer,1477.68,2021-Q1,productivity,estimated
Westpac,Expenses per Customer,678.71,2021-Q1,productivity,estimated
Westpac,Profit per Employee,191574.47,2021-Q2,productivity,triangulated
Westpac,Gross Income per Employee,511914.89,2021-Q2,productivity,triangulated
Westpac,Expenses per Employee,237787.23,2021-Q2,productivity,triangulated
Westpac,Profit per Customer,580.9,2021-Q2,productivity,estimated
Westpac,Gross Income per Customer,1552.26,2021-Q2,productivity,estimated
Westpac,Expenses per Customer,721.03,2021-Q2,productivity,estimated
Westpac,Profit per Employee,155744.68,2021-Q3,productivity,triangulated
Westpac,Gross Income per Employee,472085.11,2021-Q3,productivity,triangulated
Westpac,Expenses per Employee,248936.17,2021-Q3,productivity,triangulated
Westpac,Profit per Customer,464.76,2021-Q3,productivity,estimated
Westpac,Gross Income per Customer,1408.76,2021-Q3,productivity,estimated
Westpac,Expenses per Customer,742.86,2021-Q3,productivity,estimated
Westpac,Profit per Employee,220595.74,2021-Q4,productivity,triangulated
Westpac,Gross Income per Employee,516170.21,2021-Q4,productivity,triangulated
Westpac,Expenses per Employee,227829.79,2021-Q4,productivity,triangulated
Westpac,Profit per Customer,658.29,2021-Q4,productivity,estimated
Westpac,Gross Income per Customer,1540.32,2021-Q4,productivity,estimated
Westpac,Expenses per Customer,679.87,2021-Q4,productivity,estimated
Westpac,Profit per Employee,202382.98,2022-Q1,productivity,triangulated
Westpac,Gross Income per Employee,518638.3,2022-Q1,productivity,triangulated
Westpac,Expenses per Employee,234468.09,2022-Q1,productivity,triangulated
Westpac,Profit per Customer,603.94,2022-Q1,productivity,estimated
Westpac,Gross Income per Customer,1547.68,2022-Q1,productivity,estimated
Westpac,Expenses per Customer,699.68,2022-Q1,productivity,estimated
Westpac,Profit per Employee,222042.55,2022-Q2,productivity,triangulated
Westpac,Gross Income per Employee,559234.04,2022-Q2,productivity,triangulated
Westpac,Expenses per Employee,249106.38,2022-Q2,productivity,triangulated
Westpac,Profit per Customer,662.6,2022-Q2,productivity,estimated
Westpac,Gross Income per Customer,1668.83,2022-Q2,productivity,estimated
Westpac,Expenses per Customer,743.37,2022-Q2,productivity,estimated
Westpac,Profit per Employee,251130.43,2022-Q3,productivity,exact
Westpac,Gross Income per Employee,596434.78,2022-Q3,productivity,exact
Westpac,Expenses per Employee,256695.65,2022-Q3,productivity,exact
Westpac,Profit per Customer,722.0,2022-Q3,productivity,estimated
Westpac,Gross Income per Customer,1714.75,2022-Q3,productivity,estimated
Westpac,Expenses per Customer,738.0,2022-Q3,productivity,estimated
Westpac,Profit per Employee,244608.7,2022-Q4,productivity,exact
Westpac,Gross Income per Employee,626173.91,2022-Q4,productivity,exact
Westpac,Expenses per Employee,263478.26,2022-Q4,productivity,exact
Westpac,Profit per Customer,703.25,2022-Q4,productivity,estimated
Westpac,Gross Income per Customer,1800.25,2022-Q4,productivity,estimated
Westpac,Expenses per Customer,757.5,2022-Q4,productivity,estimated
Westpac,Profit per Employee,161913.04,2023-Q1,productivity,exact
Westpac,Gross Income per Employee,611478.26,2023-Q1,productivity,exact
Westpac,Expenses per Employee,274434.78,2023-Q1,productivity,exact
Westpac,Profit per Customer,465.5,2023-Q1,productivity,estimated
Westpac,Gross Income per Customer,1758.0,2023-Q1,productivity,estimated
Westpac,Expenses per Customer,789.0,2023-Q1,productivity,estimated
Westpac,Profit per Employee,249391.3,2023-Q2,productivity,exact
Westpac,Gross Income per Employee,637217.39,2023-Q2,productivity,exact
Westpac,Expenses per Employee,281304.35,2023-Q2,productivity,exact
Westpac,Profit per Customer,717.0,2023-Q2,productivity,estimated
Westpac,Gross Income per Customer,1832.0,2023-Q2,productivity,estimated
Westpac,Expenses per Customer,808.75,2023-Q2,productivity,estimated
Westpac,Profit per Employee,277363.64,2023-Q3,productivity,exact
Westpac,Gross Income per Employee,677454.55,2023-Q3,productivity,exact
Westpac,Expenses per Employee,317181.82,2023-Q3,productivity,exact
Westpac,Profit per Customer,762.75,2023-Q3,productivity,estimated
Westpac,Gross Income per Customer,1863.0,2023-Q3,productivity,estimated
Westpac,Expenses per Customer,872.25,2023-Q3,productivity,estimated
Westpac,Profit per Employee,256545.45,2023-Q4,productivity,exact
Westpac,Gross Income per Employee,670636.36,2023-Q4,productivity,exact
Westpac,Expenses per Employee,318272.73,2023-Q4,productivity,exact
Westpac,Profit per Customer,705.5,2023-Q4,productivity,estimated
Westpac,Gross Income per Customer,1844.25,2023-Q4,productivity,estimated
Westpac,Expenses per Customer,875.25,2023-Q4,productivity,estimated
Westpac,Profit per Employee,254272.73,2024-Q1,productivity,exact
Westpac,Gross Income per Employee,694454.55,2024-Q1,productivity,exact
Westpac,Expenses per Employee,314818.18,2024-Q1,productivity,exact
Westpac,Profit per Customer,699.25,2024-Q1,productivity,estimated
Westpac,Gross Income per Customer,1909.75,2024-Q1,productivity,estimated
Westpac,Expenses per Customer,865.75,2024-Q1,productivity,estimated
Westpac,Profit per Employee,269272.73,2024-Q2,productivity,exact
Westpac,Gross Income per Employee,712727.27,2024-Q2,productivity,exact
Westpac,Expenses per Employee,302727.27,2024-Q2,productivity,exact
Westpac,Profit per Customer,740.5,2024-Q2,productivity,estimated
Westpac,Gross Income per Customer,1960.0,2024-Q2,productivity,estimated
Westpac,Expenses per Customer,832.5,2024-Q2,productivity,estimated
Westpac,Profit per Employee,342697.67,2024-Q3,productivity,triangulated
Westpac,Gross Income per Employee,753209.3,2024-Q3,productivity,triangulated
Westpac,Expenses per Employee,312372.09,2024-Q3,productivity,triangulated
Westpac,Profit per Customer,921.0,2024-Q3,productivity,estimated
Westpac,Gross Income per Customer,2024.25,2024-Q3,productivity,estimated
Westpac,Expenses per Customer,839.5,2024-Q3,productivity,estimated
Westpac,Profit per Employee,283348.84,2024-Q4,productivity,triangulated
Westpac,Gross Income per Employee,736558.14,2024-Q4,productivity,triangulated
Westpac,Expenses per Employee,343348.84,2024-Q4,productivity,triangulated
Westpac,Profit per Customer,761.5,2024-Q4,productivity,estimated
Westpac,Gross Income per Customer,1979.5,2024-Q4,productivity,estimated
Westpac,Expenses per Customer,922.75,2024-Q4,productivity,estimated
Westpac,Profit per Employee,242139.53,2025-Q1,productivity,triangulated
Westpac,Gross Income per Employee,703627.91,2025-Q1,productivity,triangulated
Westpac,Expenses per Employee,336186.05,2025-Q1,productivity,triangulated
Westpac,Profit per Customer,650.75,2025-Q1,productivity,estimated
Westpac,Gross Income per Customer,1891.0,2025-Q1,productivity,estimated
Westpac,Expenses per Customer,903.5,2025-Q1,productivity,estimated
Westpac,Profit per Employee,313953.49,2025-Q2,productivity,triangulated
Westpac,Gross Income per Employee,727534.88,2025-Q2,productivity,triangulated
Westpac,Expenses per Employee,340651.16,2025-Q2,productivity,triangulated
Westpac,Profit per Customer,843.75,2025-Q2,productivity,estimated
Westpac,Gross Income per Customer,1955.25,2025-Q2,productivity,estimated
Westpac,Expenses per Customer,915.5,2025-Q2,productivity,estimated
Westpac,Profit per Employee,279534.88,2025-Q3,productivity,triangulated
Westpac,Gross Income per Employee,733302.33,2025-Q3,productivity,triangulated
Westpac,Expenses per Employee,368465.12,2025-Q3,productivity,triangulated
Westpac,Profit per Customer,751.25,2025-Q3,productivity,estimated
Westpac,Gross Income per Customer,1970.75,2025-Q3,productivity,estimated
Westpac,Expenses per Customer,990.25,2025-Q3,productivity,estimated
Westpac,Profit per Employee,265209.3,2025-Q4,productivity,triangulated
Westpac,Gross Income per Employee,712744.19,2025-Q4,productivity,triangulated
Westpac,Expenses per Employee,353116.28,2025-Q4,productivity,triangulated
Westpac,Profit per Customer,712.75,2025-Q4,productivity,estimated
Westpac,Gross Income per Customer,1915.5,2025-Q4,productivity,estimated
Westpac,Expenses per Customer,949.0,2025-Q4,productivity,estimated
